Category,Descript
sport,انتظارات من أسود الأطلس
politics,الجزائر.. وضعية بوتفليقة تطغى على افتتاح دورة البرلمان
society,روبورتاج.. أعباء الدخول المدرسي ثقل كاهل أولياء التلاميذ
society,توقعات المغاربة لمباراة الإياب بين المنخب المغربي والمنتخب المالي
society,أطباء عاطلون يحتجون بالرباط
sport,البطل محمد الصنهايي يتألق في الكيك بوكسينغ
society,خنيفرة - مشروع التكتل من اجل العدالة للنساء
society,الواجهة: العثور على جثة سبعيني ميت في بيته
society,جهة الدار البيضاء-سطات ومركز تحاقن الدم يدقان ناقوس الخطر: تبرعوا بالدم لإنقاد إخوانكم
business,ملف.. الشراكة المغرب الإسبانية في المجال التجاري
various,سوق الصباط بالرباط
sport,أصغر بطلة فول كونتاكت
various,تافوغالت .. أريج الفجاج
culture,دردشة مع بدر سلطان
various,أبراج | أشنو قال زهرك اليوم : 03 يوليوز 2017 | شوف تيفي
politics,زوجة المهدوي تناقش حراك الريف
various,أحوال الطقس : 03 يوليوز 2017
politics,غضبة ملكية تطيح بمسؤولي الدرك بتطوان
politics,المغرب يوجه صفعة قوية للبوليساريو والجزائر بأثيوبيا
various,النيران تلتهم غابة السلوقية
society,المستشفى الجامعي بمراكش يبصم على عمليات ناجحة لزرع الأعضاء أصحابها يستفيدون من الراميد
society,بالفيديو..لحظة إخماد حريق بالقرب من موروكومول بالبيضاء دون تسجيل ضحايا
society,من يوقف نزيف  تبذير  المياه بدار الثقافة ؟
culture,بعد جواد السايح ومهيول..الفنان الشرقي الساروتي دخل طول و عرض فمهرجان  مراكش للضحك
society,في اتصال مع الدريبي: خطيبي معصب حيت كيتسنى الموافقة من عند البوليس!
politics,مغاربة يعلقون على أول لقاء تلفزي لرئيس الحكومة سعد الدين العثماني
sport,حوار ساخن  مع محمد بودريقة الرئيس السابق لفريق الرجاء البيضاوي لكرة القدم على ''شوف تيفي''
various,بالفيديو..إمام المسجد يكشف كيفاش لقا الراجل اللي رماتو مرتو حدا الجامع
society,من قلب شاطئ عين الذئاب..شوفو أشنو قالوا المواطنين في أجوبة طريفة على البنات لي كايعومو بالمايو
society,فيديو صادم:شوفو معاناة أم مراكشية مع ابنها لي كان ضرب دنيا بوطازوت بالطوموبيل
various,الداخلة : رحلة لإستكشاف المناطق السياحية
society,مهيول يُفجرها في وجه إيكو ..الطيارة و سبعة رجال الفكرة ديالنا وحيث حنا دراوش شفروهالينا
culture,الكوميدي جواد السايح يفضح مهرجان مراكش للضحك ويكشف حقائق صادمة
society,اللاعب الدولي محمد الشيحاني كما لا تعرفونه من قبل/كواليس خاصة من حياته/ظروف الاحتراف
various,بالفيديو..أصحاب الدراجات الضخمة ''محيحين'' فعين الذياب بكازا
various,حريق سوق حومة شوك
various,لأول مرة بشمال افريقيا:رحلات جوية  تربط أكادير بوارسو البولونية
society,الأجهزة الامنية تصل إلى الموجة بشاطئ الحسيمة لمنع الاحتجاجات
politics,الإفراج عن رئيس الوزراء الإسرائيلي السابق إيهود أولمرت
society,قوات الأمن تدخل إلى البحر في شواطئ الحسيمة لمطادرة نشطاء حراك الريف
society,إيطاليا تطالب الأوروبيين بتحمل مسؤولياتهم في ملف الهجرة
society,الامن يحاصر مسيرة لحراك الريف في شواطئ الحسيمة
society,دير العرس واللا تسافر...شوفو أجوبة الشارع المغربي ( آراء طريفة وساخرة)
society,عاجل: محمد عزام يفضح زوجته بماضيها مع الخليجيين
society,صديقان من فلسطينين جاو المغرب باش يشاركو فمسرحية مقدروش يرجعو بعد الأوضاع الكارثية في غزة..
sport,أوناجم: لا خيار لدينا سوى تحقيق نتيجة إيجابية في مباراة العود
politics,الامين بوخبزة ينفجر في وجه الأحزاب السياسية بتطوان
society,تحليل.. ما هي أسباب تعفن لحوم عدد كبير من الأضاحي؟
culture,الفنان المغربي الشاب مهدي بلحبيب يكشف سر خلافه مع إيهاب أمير ( فيديو)
society,بالفيديو..شاب مغربي صريح:أنا كنفضل نتزوج بالميمات يعني مرا كبيرة تكون ناضجة بْعدا
society,نسولو الناس:بعد الإجراءات الجديدة واش تفضلو تقريو ولادكم فالمدرسة العمومية و لا الخصوصية؟
society,ناظوريون يحتجون على الاسبان بمعبر مليلية لمنعهم من الدخول الى الفيريا
politics,الباكوري يدعو المنتخبين للتبرع بالدم لتجاوز خصاص حوادث الصيف
various,حجيب يقمع صحافية: الزواج خط أحمر!
various,حورية الحجوبي.. صوت موسيقي جميل يتحدى الإعاقة من قلب كرسيف
various,لارَام في مهرجان النزاهة
society,غضب ضد الجامعي
various,أحوال الطقس : 05 شتنبر2017
various,آراء حول صيدلية الحراسة بالقصر الكبير
various,روعة الأطلس المتوسط
society,طلبة جدد والحي الجامعي
various,اقتناء الأدوات المدرسية
various,شوف الصحافة: بالفيديو...اعتقال مشعوذ اغتصب متزوجات
sport,تقريرر نوفل العواملة عن اجواء المنتخب المغربي قبل مواجهة المنتخب المالي تصفيات كأس العالم روسيا 2018
sport,تقرير الاولى عن اجواء المنتخب المغربي قبل مواجهة المنتخب المالي تصفيات كأس العالم روسيا 2018 من مالي
sport,ميكرو سبور: الشارع المغربي يتوقع فوز المنتخب المغربي بهدفين لصفر على المنتخب المالي ببماكو
various,بوجلود/ بيلماون/ بولبطاين.. تعددت الأسماء والغاية واحدة!
various,نجح في الباك وحصد اعجاب الجميع وفي طريقه إلى الجامعة قتل في حادثة سير !
culture,مع نجاة اعتابو
various,.شوف لصان غبيان داخل مركز للغات بسيدي مومن
sport,العواملة يرصد الأجواء وسط لاعبي المنتخب المغربي بباماكو
society,جزار يقدم رواية أخرى عن السبب اللي خلا الحوالة ديال العيد يزراقو ويخنازو
society,كساب يفجر حقائق صادمة نوعية الأعلاف اللي تاتعطى  الماشية مثل السيكالين بزق الدجاج الفنيد والضوباج
society,الفيديو..فضيحة الحجاج المغاربة  جوع، عطش، أزبال و سوء التنظيم
society,هكذا فسر المغاربة تعفن بعض ذبائح عيد الاضحى
politics,المغرب ونيجيريا يشددان على ضرورة تعزيز التعاون بينهما
various,بالفيديو...هاهي الأعراض الخطيرة اللي ممكن تصيب الناس اللي لقاو الحولي زرق وخانز وكلاوه..
society,الواجهة: حارس سيارات بالبيضاء.. هذ الناس شفارة بغاو يكلونا
society,بالفيديو: طفل مغربي ماتيسمع ماتيهضر ماتيشوف.. للمساعدة
society,شهادات صادمة لمواطنين خناز وزراق ليهم لحم العيد..(هاكيفاش ضاع لينا حولي ديال العيد )
sport,رأي الشارع المغربي في لعب مباراة الأسود ضد الغابون بمركب محمد الخامس بالدارالبيضاء
sport,رأي الشارع المغربي في عودة حكيم زياش للمنتخب الوطني
society,أخت الشاب الذي مات دهسا ثاني أيام العيد بمرارة: ماكانش سكران وأحسبه من الشهداء
society,نداء شعالة
society,مغاربة عن تقتيل المسلمين في بورما: ماعيدناش وكلشي ملاهي مع الأفلام المكسيكية
society,كريساج مع الضرب بالسلاح الابيض في غياب تام للأمن بالحي المحمدي
society,محنة حجاج مغاربة أهملوا في مخيم العار !
various,بالفيديو...الفوضى في ساحة ماريشال بكازا والفنانة كاعيين..
society,حريق مهول يتسبب في تشريد أسرة كاملة بالقتيطرة
sport,الموجز الرياضي: لاعب المنتخب المغربي وريال مدريد أشرف حكيمي...سأسجل على الماليين في قلب ملعبهم
sport,خاص :قراءة تقنية في مباراة المغرب و مالي مع المحلل الرياضي رضوان العلالي
society,بشرى لسكان حي السعادة بفاس .. هذا هو الحل النهائي للفراشة بالسويقة و بشارع سان لوي
society,عمرو 13 عام.. اختفاء الطفل يوسف
various,السيلفيات والنفايات في الحج.. آش بان ليكم؟
society,نسولو الناس:بعد خطاب عيد العرش..واش الوضعية تحسنات فالإدارات العمومية بالمغرب؟شوفو أجوبة المغاربة
society,خبر اليوم:  بالفيديو..تفاصيل تنشر لأول مرة حول احتجاز ابنة لوالدتها فوق سطح منزلها بوجدة
various,نجوم مغاربة في طفولتهم.. براءة وملامح ثابتة !
society,جدة معاذ تحكي تفاصيل حادثة  طريق سطات المروعة
various,فضيحة تعفن لحوم الأضاحي العيد
various,ممرضة ترفض رتق جروح غائرة في راس شاب مصاب
society,لحضة وصول جثمان ضحايا حادثة سير طريق سطات
various,بالفيديو..مغربي كايغني الراي فالملاهي الليلية نصبو عليه فالملايين فكازا..شوفو أشنو وقع ليه
various,سترات ذكية تحول الكلاب الضالة في تايلاند إلى حراس للشوارع
society,اسرة تشتكي تعفن لحم العيد
society,جزار يحكي أسباب تعفن لحم اضحية العيد
various,عاجل محمد عزام : “زوجتي تجرني للابتزاز والمساومة ”
various,عاجل محمد عزام : “يفضح زوجته بماضيها مع الخليجيين ومشاكلها مع زوجها الأول”
various,مشاكل بيضاوة بعد عيد الأضحى
sport,الجماهير المغربية تثني على اداء المنتخب أمام نظيره المالي
various,بالفيديو: بعدما فضحته عبر الفايسبوك.بهلول لزوجته أَنُــــورة رجعي لدارك راكي حاملة
politics,شاشة تفاعلية.. السياسة المائية في المغرب أولوية وطنية
sport,Elbotola.com : الشارع المغربي يقرأ فنجان حظوظ الأسود بالتأهل للمونديال
sport,زياش يؤكد على أحقيته بالرسمية في المنتخب الوطني
society,نسولو الناس:من بعد عيد الأضحى..واش كتصدقو من لحم العيد؟
politics,جولة العواصم.. تحديات الاقتصاد المصري بعد تخفيض قيمة الجنيه
society,الأمم المتحدة: 87 ألف شخص من الروهينغا هربوا من أعمال العنف بميانمار
society,إنقطاع الكهرباء يوم ثاني العيد يثير غضب ساكنة سيدي بنور
various,زياش/ حكيمي/الأحمدي..نجوم مقابلة المغرب و مالي في نظر المغاربة
various,تجربة نووية لكوريا الشمالية تثير إدانات قوية على مستوى العالم
sport,المغرب يفوز على مالي ويحافظ على اماله في التأهل للمونديال
society,بعد إغلاق الحدود..ساكنة بني درار تحتج وتطالب بالعمل
society,تعفن لحم اضحيات العيد لاسباب مجهولة
society,الشارجور يتسبب بحريق بمنزل بحي الجراري
various,زوجة الكوميدي “بهلول” ل “اليوم24”: زوجي نصاب نصب علي واستغلني “الله ياخد فيه الحق”
culture,الفنان بهلول يرد على زوجته بنبرة غاضبة..نورا مازال مراتي  و إيلا هضرت غادي نجرحها
various,الرباط أيام العيد
various,هذا هو سبب مرض أضاحي العيد بعد الذبح ..ردو بالكم راه هاذ المرض كايقتل
society,قصة  مؤلمة  تهز القلوب لأم محتجزة لأزيد من سنة و نصف بمدينة وجدة من طرف ابنتها الوحيدة في سطح المنزل
society,في أول تصريح ..زوجة بهلول تكشف بالدموع حقائق مثيرة من فاس..هذا هو السبب لي خلاني فضحت الفنان عزام
society,مغاربة ينظفون الشّارع  بأمريكا
culture,سلا.. تكريم الممثل محمد الأثير يميز الدورة 11 لمهرجان بوجلود
society,تفاديا للإزدحام..المغاربة لي كانوا مسافرين رْجعو بْكري باش ميحصلوش فالزحام ( فيديو)
various,بالفيديو..لوطوروت فابور
various,بالفيديو..شوفو أبناء الحي كيفاش رجعو درب الطاليان بالمدينة القديمة فكازا
sport,الموجز الرياضي: أسماء رياضية وازنة ترافق الأسود إلى مالي
various,شوف الصحافة: أعلاف مسرطنة بضيعات للدواجن
society,خبر اليوم:تفاصيل صادمة عن فساد لحوم مواطنين بعد عيد الأضحى
sport,Contre Attaque - الحلقة الثانية : فوز الأسود على مالي ... الطريق نحو روسيا...
culture,مهرجان بوجلود بسلا
politics,سفير أمريكي والثورة السورية
various,كلميم أيام العيد
various,زينب .. سفيرة يوتيوب
culture,سلا تكرم محمد الأثير في كرنفال بوجلود
various,عائلة وحدة لقاو 4 ديال الحوالة كُلهم ''خانزين و زَركين'' فكازا..خايفين على وليداتنا يْمَرضو
society,بيضاوة يشتكون من كثرة الأزبال وغياب النظافة
various,تعرف على قصة مسلمي بورما..ولماذا يذبحون هناك؟
culture,رقصة مثيرة  في مهرجان بوجلود بسلا
society,خطير : ولدي ديتو للسبيطار باش يتعالج خرجوا عليه السطاجيرات..واش ولاد الفقراء عندكم غير تتعلموا فيهم
society,الواجهة: ضابط شرطة ممتاز بأنفا يعتدي على مواطن أمام الملأ...
culture,مهرجان بوجلود الضخم يخرج مدينة سلا إلى الأضواء
culture,رقصات غريبة في مهرجان بوجلود بسلا
various,فيديو صادم...شوفو لحم العيد كيفاش خناز وزراق عند هاذ الأسرة  في أقل من 24 ساعة بعد ذبح الخروف
society,سائقوا سياراة الاجرة بالمحمدية يحتجون بشارع الحسن الثاني
culture,مهرجان بوجلود في سلا
society,سائقوا سياراة الاجرة بالمحمدية يحتجون بشارع الحسن الثاني
society,سائقوا سياراة الاجرة بالمحمدية يحتجون بشارع الحسن الثاني
society,المحلات التجارية بكازا أغلبهم سادين والمواطنين كاعيين
society,سائقوا سياراة الاجرة بالمحمدية يحتجون بشارع الحسن الثاني
various,شوفو البحر ديال كازا كيداير نهار ثالث العيد
society,سائقوا سياراة الاجرة بالمحمدية يحتجون بشارع الحسن الثاني
society,سائقوا سياراة الاجرة بالمحمدية يحتجون بشارع الحسن الثاني
society,اليوم الثالث  للعيد و كازا مازال خاوية
society,سائقوا سياراة الاجرة بالمحمدية يحتجون بشارع الحسن الثاني
society,نشرة اخبار المحمدية /  السابعة والنصف   2017.9.3
society,اسرة بالمحمدية تشتكي فساد لحوم عيد الاضحى
various,شوفو السيارة  ''الفاخرة'' ديال سعيد الناصيري رئيس الوداد البيضاوي لي جا بيها للمطار
various,فيديو من داخل الحمام الشعبي الذي وقع به إنفجار سخان الماء بالجدبدة
sport,لحظة مغادرة المنتخب المغربي أرض الوطن في اتجاه مالي
society,فيديو يوثق لحظة كريساج بمدينة الدار البضاء
various,حصري ...هاهي الطائرة الخاصة التي سافر فيها المنتخب المغربي إلى مالي
various,كواليس برنامج صنعة بلادي الجيل الجديد (أسرار خاصة وطرائف مثيرة)
politics,الوزير بوليف يدخل على خط فوز المغرب: ''الله تعالى هو الذي حقق هذا النصر الذي فاق توقعات المغاربة
society,لحظة القبض على ''فيسة'' صاحب الفيديو الشهير الذي روع مواطنين بالسلاح الأبيض و''دوخ'' البوليس
various,التشرميل في كازا
various,سابقة..خاطبة في المغرب تطلب 10٪ من الصداق للراغبين في الزواج!
politics,صوت المسؤول : البرلماني حسن عاديلي في حوار للمكاشفة من 76 دقيقة
various,هكذا غزت الأزبال ومخلفات العيد شوارع وأزقة مدينة سلا
various,Le360.ma • أول صور بعد ترميم شالة المعلمة التاريخية بالرباط
various,وزانيون والبطالة
society,لي معندوش لفلوس فالمغرب كايموت..شوفو الفوضى لي كاينة فمستعجلات ابن رشد فكازا فعيد الأضحى
various,الواجهة: مواطن مغربي ينحر دائما اضحية العيد بطريقته الخاصة
various,أنور عبادي.. مول ديسباسيتو المغربية!
sport,حصري وبالفيديو...نجوم المنتخب المغربي ''تيديروا السيلفيات''  مع الجمهور المغربي
various,صنعة بلادي في الموسم السادس.. البحث عن أفضل حرايفي في المغرب
various,أجواء عيد الأضحى في مدينة الناظور في يومه الثاني
various,ترميم ساحة التحرير بالعرائش
society,نداء مغربية إلى الملك
various,بالفيديو..كاميو تقلب فكازا ثاني أيام عيد الأضحى..شوفو كيفاش هزوه
culture,Le360.ma •  آش كتعاود حسن فولان: مسرح الحي بحال شي امرأة مطلقة تا حد ما باغيها ترجع
various,Le360.ma • لذة طواجن أورير تستقطب آلاف الزوار
society,عيد الأضحى..بطعم اليتم والحرمان
sport,لمغاربة فرحانين بفوز المنتخب المغربي بـ6 أهداف لصفر ضد مالي ..شوفو أشنو قالو على كأس العالم2018
various,فيديو صادم من قلب كازا..كايطلبو اللحم و كايبيعوه
culture,تسكت.. هذا رأيي في المثل القائل ختك في الحرفة عدوتك وهذا أملي في الحاجة الحمداوية
society,جد مؤثر..فيها السرطان وولدها مريض وساكنة غير فبراكة..لأصحاب القلوب الرحيمة..للمساعدة
various,صادم و بالفيديو..في ثاني أيام عيد الأضحى..مدينة فاس تتنفس تحت الأزبال و المسؤولين آوت
various,بالفيديو..مغاربة يفضلون تكراض  الحولي عند الجزار بعد ذبح أضحية العيد
various,تقطيع الحولي بخريبكة
various,الأضحية بين اللحمة واللمة
various,في عيد الأضحى..المخبزات سادين و المغاربة كايقلبو على الخبز ( فيديو)
various,بالفيديو..لموت ديال الضحك مع مغربي داير فيها سوري فالعيد الكبير
various,بعد ذبح الأضحية..جزار ديال الفقراء كايفصل الحوالة فالزنقة وهابشحال
society,فرحة زوج كفيف..كان خاصني ندير عملية و منين درت نداء فشوف تيفي..جابو لينا الناس 2 حوالة فالعيد
politics,الوزير حصاد وفضيحة الهمزة !
various,بعد عيد الأضحى..مغاربة لشوف تيفي:الهيضورة فيها غير الخسارة مابقاش فيها الرباح و كولشي كايلوحها
various,Le360.ma •هكدا تتدخل شركة أفيردا لتنظيف شوارع البيضاء من تراكم أزبال عيد الاضحى
various,تعرف على أشهر الوجبات المغربية في عيد الأضحى
society,حالة مؤثرة للطفلة هبة المزدادة بعدة تشوهات خلقية و أمها تناشد جلالة الملك
various,Le360.ma •هكذا اصبحت مدارس طنجة قبل الدخول المدرسي الجديد
sport,شوفو شنو قال سعيد زدوق احسن معلق رياضي في تاريخ المغرب بعد  انتصار المغرب على مالي (أروع تحليل)
sport,في ليلة العودة..زياش يزأر ويمتع!!
society,بالفيديو...فضيحة بقلب مستشفى ابن رشد  ''موريزڭو'' بالدارالبيضاء...(شوفو على شوهة )
various,بالفيديو...المغرب هو اللي غادي يدي كأس العالم
various,رشا .. باطما وحلا الترك
society,شاب فرنسيّ يُعلن إسلامه وينطق الشهادتين بمسجد عمر بن الخطاب بحي القدس بتازة
sport,بالفيديو: شوفو تفاعل الجمهور المغربي من قلب مركب مولاي عبدالله بعد الأداء الرجولي ضد مالي
various,تصريح مثير: ماعشناه في مركب مولاي عبدالله بالرباط لا يختلف عن أجواء مباريات إسبانيا أو فرنسا
various,تطبيق مغربي للصم والبكم
culture,الحوار الكامل لابتسام تسكت الذي اعترفت فيه بكل شيء عن الحب والفن والغيرة
society,أجواء عيد الأضحى بمدينة قديمة
sport,سُداسية المنتخب المغربي في شباك مالي
sport,Le360.ma • فرحة لا توصف للجماهير المغربية
various,عمال النظافة و عيد الأضحى
various,أزبال في شوارع العاصمة
sport,أهداف مباراة المغرب 6 - 0  مالي تعليق الاسطورة  عبد الحق الشراط...تصفيات كأس العالم 2018
various,فيديو مثير...الجمهور المغربي يحاصر لاعبي المنتخب لحظة خروجهم من الملعب إلى ركوبهم الحافلة
various,بالفيديو...من مخلفات العيد: الأزبال في كل مكان بالدار البيضاء
society,بالفيديو...هكذا تفاعل الوجديون مع الفوز التاريخي للمنتخب المغربي على مالي  ( من قلب مقهى)
sport,فيصل فجر يتحدث عن عائلته التي حضرت إلى الملعب لمتابعته مباشرة...شوفو شنو قال عليها...
sport,اللاعب سايس لشوف تيفي: سننتصر إنشاء الله على مالي في قلب باماكو
society,المغاربة ناشطين .. فيصل فجر بزاف داك سيد و في روتور انضربوهم عاوتاني
various,تشواط الريوس .. هكذا يمضي شباب الاحياء الشعبية يوم العيد في البيضاء
various,حين يتحدث الحكماء.. تصريح رائع و عقلاني من مشجع مغربي
sport,تصريح فيصل فجر بعد نهاية المقابلة
sport,شيء لا يصدق .. حلم مغربي تحقق في مباراة المنتخب
various,فصاحة ابن تطوان الذي جال مع الأسود في دول عديدة
sport,الجماهير تشكر فوزي لقجع و تنوه بعمله الكبير لتطوير كرة القدم بالمغرب
sport,جماهبر الجيش الملكي محيحين في تيران في مقابلة المنتخب
various,حقائق عن مرض السكري
society,تهاني العيد من كندا
various,بالفيديو...شوفو كيفاش تفاعل الجمهور الفاسي مع فوز المنتخب المغربي من قلب مقهى بفاس وهاشنو قالوا
various,بالفيديو:من قلب مقهى بكازا ... شوفو كيفاش تفاعلات الجماهير المغربية مع فوز المنتخب المغربي
various,بالفيديو..شوفو أشنو قالت ساكنة كازا بخصوص صانع الأسنان لي كاين فالبرانس
society,دبح 15 كبش لفائدة أفارقة ومعوزون وأرامل  من قبل جمعية نهضة زناتة بعين حرودة
culture,معانا فنان:حوار مثير مع الفنانة ابتسام تسكت بعد مولودها الجديد بغاني بعيوبي/دموع+طرائف
various,خبر اليوم: أجواء وطقوس رائعة خلال احتفال المغاربة بعيد الأضحى
sport,بالفيديو .. لقجع يحتفل رفقة الجماهير بفوز المنتخب المغربي ويلتقط صور تذكارية معهم‎
sport,ملخص مباراة المنتخب المغربي 6 - 0 المنتخب المالي تصفيات كأس العالم روسيا 2018
sport,المغرب يكتسح مالي بسداسية
various,المغاربة وأطباق العيد
sport,بالفيديو.. كواليس الجمهور المغربي لحظات قبل اللقاء التاريخي بين المغرب ومنتخب  مالي الجريح
various,بالفيديو...أجواء استثنائية لعيد الأضحى بالرباط
sport,بالفيديو...رقصة فيصل فجر بعد هدفه الرائع تلهب الجماهير المغربية
sport,تصريح المدرب رونار بعد الفوز العريض على المنتخب المالي..تصفيات كأس العالم 2018
society,بالفيديو  طقوس و أجواء خاصة في عيد الأضحى في قلب منزل أسرة مغربية  شوفو كيفاس كايذبحو و يسلخو الحولي
sport,حضور متميز للجالية المغربية بمبارة المنتخب المغربي ضد مالي
sport,حضور جماهيري غفير لمقابلة المغرب ضد مالي
society,مشجع مالي ضد مشج مغربي
society,تفاؤل كبير للجماهير المغربية بتحقيق الفوز على مالي
various,نجوم مغارية يهنؤون المغاربة بمناسبة عيد الأضحى(فيديو)
various,من قلب حي شعبي بالدارالبيضاء..أجواء خاصة في عيد الأضحى و الجيران بحال العائلة..
society,بالفيديو.. الناس مخلصا فلوسها  وملقات فين تجلس لمتابعة مباراة المنتخب المغربي
sport,بالفيديو.. شاهد هدف حكيم زياش من المدرجات
various,بشرى للفاسيين بمناسبة العيد مجال أخضر بإسم  منتزه أمريكا في حلة جديدة في قلب فاس
various,بالفيديو..شوفو فين كايتباعو الهياضر ديال الحولي فكازا وهابشحال
society,مثيير.. الفساد كثر فالبلاد ...أوكون كنت مسؤول نحايدهوم- ولكن اي فساد يقصد-
sport,جينا من بعيد باش نشجعو المنتخب المغربي و لكن الزيادات فأثمنة التذاكر طلعو لينا الدم
sport,Le360.ma • بالفيديو: جماهير غفيرة قدمت من كل مدن المغرب لتحفيز أسود الأطلس
various,ڢيديو رائع لأجواء عيد الأضحى بالدارالبيضاء بكاميرا الأيام24
culture,تسكت: هذه أغرب هدية وأغلى هدية منحتا لي
society,لحظة وصول العناصر الوطنية إلى مركب مولاي عبدالله والجماهير تطالب الفوز بأربعة أهداف
culture,تسكت تكشف أسرار ما تقوم به في عيد الأضحى: كمنوت على هذه الأكلة
various,أجواء صلاة عيد الأضحى 1438/ 2017  من مصلى قرية أولاد موسى بسلا
various,بالفيديو.. كلاب مدربة لتعقب المتفجرات بملعب مولاي عبد الله‎
sport,بالفيديو.. الظلمي يوزع العلم المغربي على الجماهير الحاضرة لمباراة المنتخب الوطني أمام مالي
various,أغرب لقطة يمكن ان تشاهدها عن عيد الأضحى ...الأفارقة محيحين او ناشطين بنواحي المحمدية
sport,والدة فيصل فجر تلهب ملعب مولاي عبد الله لحظة دخول ابنها إلى الميدان
sport,شاهد بالفيديو كيف تفاعلت الجماهير المغربية لحظة دخول منتخب مالي لأرضية  مركب مولاي عبد الله بالرباط
various,تقاليد وطقوس عيد الاضحى بفاس ترصدها لكم كاميرا قناة شوف تيفي في جولة ممتعة
culture,تسكت.. الزواج والاعتزال
various,تشويط رؤوس الأضاحي
sport,بالفيديو ''نجم عين السبع'' فريق من قسم الهواة بعقلية احترافية رغم المشاكل
various,شوفو الحْداكة..امرأة كتسلخ الحولي بوحدها بطريقة رائعة و الجيران كايصفقو عليها..هاذشي فكازا
various,شباب كايخدمو فعيد الأضحى:كانشوطو الريوس ديال الحولي فهاذ العيد باش نتعاونو كايحكرونا...
various,بالفيديو..أجواء خاصة بمدينة بنسليمان في صلاة عيد الأضحى بحضور شخصيات سياسية
various,بالفيديو..نساء كايتعونو ويغسلو الدوارة ديال الحولي نهار العيد و لكن عندهم مشكل واحد..شوفو الفيديو
various,طقوس جد خاصة بمدينة فاس خلال عيد الأضحى..شوفو كيفاش كايديو الذبيحة فوق العَود
various,Le360.ma •أزبال عيد الاضحى تغرق أحياء وشوارع الدار البيضاء
various,بالفيديو..شوفو طقوس عيد الأضحى بكاريان في قلب مدينة الدارالبيضاء
society,جمعية نهضة زناتة وجمعية بلادي  تشرفان على دبح 16 أضحية لفائدة أفارقة وسوريون ومغاربة يوم العيد
society,شوفو ابتسامة مواطن مغربي رغم معاناة السكن..من قلب كاريان بالدارالبيضاء في عيد الأضحى
various,بالفيديو..كنخلقو السعادة مننين كانشوطو الريوس فالعيد الكبير
various,مصير الجلود يوم العيد
various,الآلاف من سكان المحمدية يُؤَدّون صلاة عيد الاضحى المبارك وسط أجواءٍ روحانية وإيمانية مَهِيبَة
various,على غرار باقي الدول المغربية..طعم خاص لعيد الأضحى بمدينة وجدة  (فيديو)
sport,Le360.ma • ناظر: عودة زياش ستقدم الدعم للمنتخب أمام مالي‎
sport,Le360.ma • بنعبيشة: لدينا لاعبين يستطيعون حسم اللقاء أمام مالي‎
various,بالفيديو..هكذا مرت صلاة عيد الأضحى بمدينة فاس
various,مهن العيد الكبير.. تشواط الريوس
various,Le360.ma •أجواء عيد الاضحى  داخل أحياء الدارالبيضاء
culture,مهرجان الشوكولاتة..الإبداع!
culture,في قلب منزل الفنان الشرقي الساروتي..شوفو كيفاش كايدوز عيد الأضحى..ناشط و كايغني
various,شواء رؤوس الأضاحي  نشاط يميزعيد الأضحى
various,عيد الأضحى يخلي شوارع الدار البيضاء من السيارات وعوادمها
society,سعيد التدلاوي وكلمة حول نشاط جمعية نهضة زناتة وجمعيته بلادي بمناسبة عيد الاضحى
society,سعيد التدلاوي يرد بقوة على إفتراءات فدرالية للخيل
various,بالفيديو..شوفو تقاليد عيد الأضحى عند التوانسة
politics,إشارة الملك لولي العهد
politics,الملك يتقبل تهاني العيد
various,جزّارون يوم العيد
culture,Le360.ma • Teaser آش كاتعود حسن فولان
politics,داعش تتبنى الهجوم الانتحاري على إدارة الأمن بولاية تيارت
culture,ضيف مع أيوب – الفنان فريد غنام
various,الدار البيضاء : خدمة جديدة لذبح الأضاحي مع مراعاة النظافة
various,المغرب  اقبال كبير على التوابل في عيد الأضحى 1
politics,الملك يؤدي صلاة العيد وينحر الأضحية
various,جمع الهيضورات و تشواط الرؤوس بالناظور
various,ألاف الناظوريين يؤدون صلاة العيد بمساجد الإقليم
various,الذكور ونحر الأضحية والفتيات وتنظيفالكرشة..شباب اليوم يتحدث!
society,Le360.ma •  مساهمة المهاجرين الأفارقة في نظافة حي شعبي بالرباط
various,أغاني بّارودي في المغرب
society,كبار الفنانين  يعايدون المغاربة بمناسبة عيد الأضحى عبر ''شوف تيفي''
various,تشواط الريوس..مهنة موسمية لشباب اختار شعار يوم عيدكم..يوم عملكم
society,أزيد من مليوني حاج وحاجة يصلون إلى جمرة العقبة في يوم النحر
business, 47 مليار درهم كلفة المشاريع المنجزة في إطار المبادرة الوطنية للتنمية البشرية مراكش .. حوالي 1
culture,أي تفعيل لمبدأ ربط المسؤولية بالمحاسبة؟ ندوة وطنية حول مراقبة المالية العمومية بالمغرب
society,لحصاد اليومي..مراسيم تنصيب زاهد واليا لجهة الدارالبيضاء-سطات..وزوج يشرمل زوجته
culture,هاكيفاش تدوز دنيا باطمة العيد الكبير
politics,الملك ينحر الأضحية
society,أمير المؤمنين يؤدي صلاة العيد بمسجد أهل فاس بالمشور السعيد بالرباط
society,نحر الأضحية من قلب مصلى الأدراسة بفاس صور رائعة عيد الأضحى
various,صلاة العيد بخريبكة
various,Le360.ma • مدرسة 36 : العثماني وتلاميذه يتذكرون  بنكيران وتلاميذه القدامى في عيد الاضحى
society,هذه توقعات المغاربة للقاء المنتخب ضد مالي
society,فلسطيني يهنئ المغاربة بمناسبة عيد الأضحى من صلاة العيد
society,أطفال يعايدون المغاربة خلال صلاة عيد الأضحى
society,صلاة عيد الأضحى المبارك بفاس
various,أجواء رائعة في صلاة عيد الأضحى بكازا /صلاة/خشوع/أطفال/نساء/رجال
society,صلاة عيد الأضحى المبارك في جو الخشوع و الإيمان
society,من زاوية مختلفة خطبة صلاة عيد الأضحى المبارك من قلب فاس
various,صلاة العيد من بيت الله الحرام
society,صلاة عيد الأضحى المبارك بحي الأدارسة بفاس
various,أين تذهب القطط يوم عيد الأضحى ؟.. مواطنون يجيبون بطرافة
various,د هوبان في رسالة مثيرة لمرضى السكري في الناظور في عيد الاضحى
society,حادث سير قاتل العروي الناظور..الضحية توفي بعد 3 ايام في الانعاش Nador
society,صلاة عيد الأضحى بفاس
various,مشاكل الهضم في العيد
various,مشاهد من يوم عرفة
various,صلاة العيد بالدار البيضاء
various,عيد مبارك سعيد صلاة العيد من قلب فاس
society,أم محكورة..كنخدم غير فالديور و ملقيتش باش نشري لوليداتي الحولي ديال العيد
society,حشود من المسلمين في عيد الأضحى المبارك بفاس
society,عيد الأضحى بفاس
society,قبل الذبح..تذكروا هذه الخطوات المهمة
society,الله اكبر من قلب فاس خطبة صلاة عيد الأضحى المبارك
society,صلاة العيد بحي الأدارسة بفاس
society,حصاد اليوم : تفاصيل نقل البوليسية البوكوصة من فاس إلى برشيد
various,اعتابو تُحيي نداء الحسن
various,بالفيديو..لمغاربة محافظين على التقاليد و العادات و إقبال كبير على الملابس التقليدية فعيد الأضحى
various,طريف و بالفيديو..كايبيع و يشري و داير السْكاتة فعيد الأضحى
politics,الخلفي وحادثة معبر سبتة
various,اعتابو والنشيد الوطني بكندا
sport,الموجز الرياضي :  رونار يوضح أسباب إبعاد زهير فضال عن مباراة مالي
society,بالفيديو..كاريا غير بيت و فرحوها المحسنين بأضحية العيد..شاهد دموع فرحة أم محكورة
various,بالفيديو..بادرة رائعة للمحافظة على البيئة في عيد الأضحى ..جمعية كتفرق الميكا على ساكنة  البيضاء
various,بالفيديو..نهار قبل عيد الأضحى..كازا خاوية و البيضاويين فرحانين
various,فكازا كولشي ساد فعيد الأضحى (فيديو)
society,خبر اليوم : ارتفاع صاروخي لأسعار أضاحي العيد في اليوم الأخير وغضب عارم  للمواطنين
various,بورصة العيد الكبير فالدقيقة التسعين.. الخروف طاح فالثمن!
culture,شوفو ردة فعل ابتسام تسكت على المباشر بعدما اعترفات أنها سمحات فصديقها بسبب الفن
society,تنظيم كبير في محطة القطار بالبيضاء و المسافرين فرحانين بالبرنامج الخاص ديال عيد الأضحى
various,شوفو فرحة الأطفال الصغار بعيد الأضحى
various,ساعات قبل عيد الأضحى..الزحام فلوطوروت فكازا وهاشنو قالو المواطنين
various,إشكالية الشغل بوزان
various,ماليّون قبل مواجهة المغرب
various,شحذ السكاكين بين لامون والرحى..  طقس ضروري قبل نحر الأضحية
society,وفاة بمخفر البوليس بآسفي...فين الحقيقة؟
sport,Elbotola.com : اخر حصة تدريبية للمنتخب المغربي قبل مواجهة المنتخب المالي
politics,الوزير نبيل بنعبدالله يعايد المغاربة بمناسبة عيد الأضحى
society,جمعية نهضة زناتة تدخل فرحة عيد الأضخى لمجموعة من الأرامل والمعوزين بعين حرودة
various,يوم العتق والإجابة
sport,هذا ما قاله زياش عن مشاركته مع المنتخب المغربي في لقاء ''مالي''
society,الشياط في أسعار الحولي ليلة العيد.. مواطنون: خرجات علينا التلفزة وهادشي بزاف
sport,شوفو اللاعب أوناجم كيفاش فرحان بالتواجد ديالو فالمنتخب المغربي
society,ابتسام تسكت تعترف:  نعم كنت'' شفارة'' منين كنت صغيرة
various,عبير العابد: ما غنغنيش فحال الأغاني ديال دابا!
politics,المغرب يعمل على أن يكون صوتا لإفريقيا في طرح إشكالية الهجرة
sport,آخر تصريح لرونار مدرب المنتخب المغربي قبل مواجهة مالي ( شوفو شنو قال)
sport,رسائل قوية من الشارع المغربي إلى المنتخب الوطني لحظات قبل اللقاء الحاسم مع المنتخب المالي
various,إقبال على حلويات العيد
society,سوء معاملة بمركز صحي
various,طاكسيات باب شالة
various,ارتفاع صاروخي مفاجيء في أثمان الأكباش ليلة عيد الأضحى
various,Le360.ma •  اليأس في تندوف يشجع هجرة الشباب
society,مشاهير مغاربة وعرب وعالميون يحجون بيت الله
culture,تسكت: نعم وقعت في الحب وهذه مواصفات شريك حياتي
various,كل ما يجب أن تعرفوه عن برنامج «صنعة بلادي» لهذه السنة
society,كازا والعيد الكبير.. لا طير يطير ولا إنس يسير!
sport,مغاربة يتوقعون نتيجة مباراة المنتخب المصيرية ضد مالي
politics,مجلس الحكومة يعقد اجتماعه الأسبوعي بالرباط
politics,الخلفي وغلاف جون أفريك
various,بالفيديو...العيالات حتى هما ممكن يذبحوا الحولي (وها الدليل: شوفو شنو تيقول الدين)
society,ملابس تقليدية مغربية بأمريكا
society,حركة غير عادية في محطة أولاد زيان و إستياء المسافرين من غلاء التذاكر
politics,تدارس عدد من مشاريع المراسيم في اجتماع مجلس الحكومة
society,إكتضاض و ازدحام شديد في مدينة الناظور مع إقتراب عيد الأضحى
various,هل تفكر ابتسام تسكت في ارتداء الحجاب؟ الجواب على لسانها
various,شاهد الطريقة الصحيحة لذبح الأضحية
society,جمعية نهضة زناتة توزع أضاحي عيد الاضحى على فئات معوزة
various,في أجواء روحانية..أكثر من مليوني حاج يقفون بعرفات
various,بالفيديو...واش ممكن المرأة  تذبح الحولي ديال العيد ( أجوبة العيالات كانت قوية )
various,روبورتاج.. الاستعداد لاستقبال الموسم الدراسي في حلة جديدة
society,شاشة تفاعلية.. تقرير البنك الدولي حول ندرة المياه
various,حجيب لاليوم24..لا أكل الغنمي نهار العيد.. وزواجي خط أحمر
various,بالفيديو...الفيزازي: اليوم عرفات أعظم الأيام عند الله
various,الرحمة والإغاثة الإسلامية توزع أضاحي بالناظور
various,أقدم وأغلى تحفة جلدية في المغرب.. خدية العروسة مصنوعة من جلد السمك وزعفران والحناء
various,الجيل الجديد لبرنامج صنعة بلادي.. بغينا نهزوا بالحرف المغربية
various,جموع حجاج بيت الله الحرام يقفون اليوم على صعيد عرفة
various,شاهد كيف عرض بلغازي أروع التحف الفنية للمتبارين في صنعة بلادي
various,أخصائي تغذية “لليوم 24”: سلوكيات خاطئة في عيد الأضحى خطر يهدد صحتكم
society,مهن موسمية تنتعش في عيد الأضحى..كندفعو الكروسة بالحولي باش نعيشو في الحلال
various,استشاري أسري والثلاثي المرعب العطلة.. العيد والدخول المدرسي
society,بعد عودتها..الطفلة إلهام تروي التفاصيل الكاملة حول اختطافها  على يد الخادمة ( فيديو)
society,بعدما شفراتها الخدامة هربات ليها و مشات عند البوليسي وجات لدارهم..قصة عودة  إلهام إلى حضن والدتها
culture,ها أش كتبغي دنيا باطما في الحولي
society,Le360.ma • عبد الكبير جدي .. بطل الوثب الطويل الذي تحول إلى بائع فحم وبصل
society,بالفيديو..أول تصريح لوالد إلهام التي اختطفتها الخادمة من قلب منزلها بالدارالبيضاء
society,مؤثر: قصة شاب  يعاني الامرين بسبب خطأ طبي
culture,تسكت: صحيح تغيرت وتجاوزت هذا العيب الذي لازم شخصيتي
various,المفاجأة التي تعدها ابتسام تسكت لجمهورها قبل نهاية السنة
politics,كلمة رئيس الحكومة في افتتاح المجلس الحكومي يوم الخميس 31 غشت 2017
sport,Le360.ma •  نشاط كبير لتذاكر قمة الأسود ومالي بالسوق السوداء
society,نداء مؤثر من عائلة شاب توفي في حادثة سير بالبيضاء ..خويا  كان مخاصم مع مرتو و منين دار كسيدة..
sport,Le360.ma •أراء المغاربة حول مباراة المنتخب المغربي ضد مالي
sport,اللاعبون : يجمعون على هزم مالي
various,أبراج | أشنو قال زهرك اليوم : 31 غشت 2017 | شوف تيفي
various,أحوال الطقس : 31 غشت 2017
society,من شراء الأضحية إلى الذبح
society,قصة مأساوية لسيدة مغربية تتبيع الكارو وتتبات حدا مقر القوات المساعد( شوفو الطلب الغريب اللي عندها)
culture,بالفيديو..ابتسام تسكت في موقف جد مؤثر بسبب والدتها..الأم ديالي نسات راسها باش تربينا
society,بالفيديو بادرة رائعة من جمعية بمراكش .. حفل فني مداخيله أضاحي العيد للمحتاجين
society,بالفيديو..معاناة حقيقية لأم مع إعاقة ذهنية لطفليها..شوفو كيفاش كايعيشو
various,صحافيون ومواجهة مالي
society,عن التحرش والبيدوفليا
various,كسوة العيد ببودربالة
various,الملابس التقليدية في العيد
culture,مع رشيد غلام
various,شحذ السكاكين بالناظور
various,نصائح ذهبية في عيد الأضحى
sport,الأسود قبل مواجهة النسور
society,لأصحاب القلوب الرحيمة..كان خدام و منين جاتو غيبوبة فالخدمة طاح و المدير ديالو معقلش عليه.
society,الحصاد اليومي : بالفيديو عقوبة الاعدام في انتظار زوجة مرداس وعشيقها
society,شوفو معاناة شاب مغربي ..منين كانت عندي 14 العام و أنا كنخدم باش نْعَون والديا و لكن كولشي
politics,أمهات يناشدن الملك في وقفة احتجاجية بالبيضاء..خرجونا من ديورنا فالبرنوصي و معطاوناش الاستفادة
various,شوف الصحافة :  بالفيديو..شخصيات نافدة مارسوا الشذوذ الجنسي في صالون للدعارة
culture,موهبة صاعدة..عندها 14 العام وبغات دعم الجمهور المغربي..رشا تعاقدات مع راجل دنيا باطما وهاشنو قالت
various,بالفيديو..قبل يومين على عيد الأضحى..الفوضى فمحطة ولاد زيان فكازا و الحوالة فالكيران
society,بالفيديو..قصة مأساوية لسيدة مغربية تتبيع الكارو وتتبات حدا مقر القوات المساعدة فكازا.. شوفو الطلب
society,بعدما وجهت نداء مؤثرا قبل عيد الأضحى عبر شوف تيفي..شاهد فرحة أم بأضحية العيد وهاشنو قالت للمحسنين
various,الأضحى .. بين الأمس واليوم
society,خبر اليوم: التفاصيل الكاملة حول اختطاف طفلة من طرف خادمة بالبيضاء
sport,تقرير الاولى حول الندوة الصحفية لناخب الوطني  قبل مواجهة  مالي تصفيات كأي العالم روسيا 2018
sport,تقرير الرياضية حول الندوة الصحفية لناخب الوطني بالأضافة الى تصريحات كل من زياش و اوناجم  وسايس
sport,أولمبيك خريبكة يجمع أبناءه
sport,Le360.ma • حكيم زياش: يجب علينا الفوز على مالي
sport,Le360.ma • هرفي رونار:بامكاننا التأهل والفوز على مالي ضروري
society,24 سنة على افتتاح مسجد الحسن الثاني
various,ها اللي كيبيع الماس ها اللي ميبيع ماكلة الحولي.. العيد الكبير خالق فرص الشغل!
sport,رونار : احتفلوا بالعيد واتجهوا نحو المركب
various,منع احتفال بعيد العلم الأمازيغي
society,تزامنا وعيد الأضحى ؛ شوفو الأجواء كيدايرة داخل المحطة الطرقية بفاس
society,Le360.ma •الكسابة يشكون كساد سوق بيع الأضاحي بأكادير
various,تشاهدون الان برنامج شؤون جماعية مع مصطفى الهاني وموسى صابر
society,نسخة عن نسخة عن تكريم متقاعدي المستشفى الإقليمي بخنيفرة
various,مسافرون عالقون في الناظور
various,اعتابو تُحيي نداء الحسن
culture,ابتسام تسكت تكشف تفاصيل جديدة في حياتها في حوار حصري مع فبراير
society,نسخة عن تكريم متقاعدي المستشفى الإقليمي بخنيفرة
society,الواجهة: شاب يعري عن مشاكل السكن الغير الائق بتمارة
society,بالفيديو...أجواء حزينة في بيت الطفلة المختطفة ونداء قوي من عائلتها
culture,برنامج الدين والحياة مع فضيلة الاستاذ الحسين مفراح رئيس المجلس العلمي للمحمدية
sport,ميكرو سبور: بالفيديو...شكون هو النجم اللي عندنا فالمنتخب المغربي...أجوبة قاسية للشارع الرياضي
sport,Elbotola.com : مدرب المنتخب رونار يُجيب البطولة عن مفاجآت التشكيلة وقرار فضال
society,على المباشر...اتصال هاتفي مع والدة الخادمة التي اختطفت طفلة وسرقات الفلوس والذهب...شوفو آش قالت ؟
society,من أمام معبر مليلية فيديو مؤثر..أصغر حراك فالمغرب...غادي نحرك وماخايفش من الموت
various,الحج يسر بلا تشدد
various,الشيخ نجيب الزروالي في رسالة مؤثرة: إمسحوا دمعة اليتيم و الفقير في العيد
society,بالفيديو:مغربي شاف الموت منين بغا يحرك من مليلية..معاناة حقيقية
sport,تصريحات المغربي أشرف حكيمي بعد أول مباراة له مع ريال مدريد في البيرنابيو
society,بالفيديو من باب مليلية...شهادة صادمة لطفل عندو 16 لعام..يخاطر بحياته باش يحرك ( شوفو شنو قال )
society,بالفيديو..تصريح صادم  من شاب مغربي بمعبر مليلية بني ينصار..أنا بدبلومي و بغيت نمشي نحركْ
society,قصة تُدمي القلوب لأم عازبة..وخا عندي عائلتي خرجت للزنقة وولدت بنية عندها 9شهور و مكاينش لي رحمني
society,فرحة عيد الأضحى تتحول إلى صدمة  ..َدرت غير الخير و سكَنْتها معايا..شفراتني و دات ليا بنتي
culture,ابنة عويطة: هذا ما أحبه في المغرب ولا يوجد في أمريكا
society,جمعية نساء مراكش في لقاء تضامني للتبرع بالدم
politics,رئيس المجلس العلمي لـناظورسيتي: هذه هي الخطوات التي ينبغي اتخاذها استعدادا لإحياء شعيرة عيد الأضحى
various,اجواء بالمحطة الطرقية
various,زوجة عويطة: ابنتنا حصلت على أعلى معدل في أمريكا
various,اكبر خروف في سوق بسلا
various,جولة في سوق الغنم بسلا
sport,''شوف تيفي'' في قلب ملعب الأمير مولاي عبد الله استعدادا لمباراة المنتخب الوطني و نظيره المالي
various,أثمنة مضاعفة وتذاكر بلا حافلات في محطة القامرة بالرباط
culture,حليوة يفجرها ويكشف طبيعة علاقته مع ابنة الستاتي وخلافه مع لاغتيست
various,أكباش رخيصة ببودربالة
society,ضحية جديدة بسيدي موسى
various,قناة “عابر سبيل خنيفرة ” تتمنى لكم عيد مبارك سعيد
society,مؤثر..دموع وحسرة وهذه رسالة عائلة البطل جدي للمسؤولين
society,شهادة أم اتهم طفلها باغتصاب الحمارة المسعودة : هاد الشي ما منو والو
various,تهور سائق سيارة اجرة كبيرة  ادى الى ا صطدام بالطرامواي
society,روبورتاج.. تباين آراء المواطنين حول أسعار الأضاحي بعدد من نقط البيع
various,أخصائيو التغذية ينصحون بتناول الخضروات والفواكه
politics,حصاد يزور مدارس بخريبكة
society,تعبئة أزيد من 100 ألف فرد من قوات الأمن لتأمين الحجاج
politics,شاشة تفاعلية.. التعاون الأمني بين المغرب وإسبانيا
various,أجواء سوق الماشية
society,صاحب دراجة: عيب شراء حولي بـ80 ألف ورفض أداء 150 درهم للنقل
various,سوق الغنم.. أثمنة مناسبة والخير موجود
society,كازا.. تجار الكونجيلاتور مروجين الحركة
sport,Le360.ma • استعدادات الأسود قبل مواجهة مالي
society,مباشر برنامج ضيف خاص والذي يستضيف من خلاله الصحفي الحمراوي السيد مهدي مزواري
society,ميكرو سبور..لمغاربة طالع ليهم الدم من المستوى الذي ظهر به اللاعبين في منافسات كأس العرش..
society,الأسر المغربية بين مصاريف عيد الأضحى والدخول المدرسي
society,صاحب حمارة سيدي قاسم المسعورة يكشف الحقيقة كاملة
various,مشاهير الأنترنيت يزورون مارتشيكا
various,الامطار بالناظور
society,صاحب حمارة سيدي قاسم المسعورة يكشف الحقيقة كاملة
sport,Elbotola.com : بوحدوز و أمرابط يمازحان حكيم زياش في تداريب المنتخب المغربي
sport,Elbotola.com : استعدادات المنتخب المغربي لمواجهة مالي ضمن إقصائيات روسيا 2018
society,مؤسسة رودان الخصوصية بالمحمدية تساهم في عملية توزيع 84 أضحية لفائدة أرامل
various,الأضاحي ضواحي زاكورة
various,أغاني كرتونية بصوت أمجد
various,هكذا تختار الكبش الأفضل
various,إهمال وتهميش بالخميسات
various,أصغر كساب في سوق الغنم بالبيضاء: السوق طاح بزاف
various,الدكتور عبد الحفيظ الطالبي يقدم نصائح طبية هامة بخصوص الطريقة الصحيحة لتناول لحوم أضحية العيد
various,تعرف على أثمنة وأنواع الفحم بسوق الجملة بالبيضاء
society,زينة عويطة: نجحت في أمريكا ولا أستغل اسم والدي
various,السعداوي.. هذا تصوري للمساواة بين المرأة والرجل ولمدونة الأسرة المغربية
various,السعدواي.. الدين ايديولوجية سياسية وهذا دليلي ان كنتم تتفقهون !
various,السعداوي.. ناقشت الله بموافقة من والدي وهكذا رفضت التحكم في الرقاب
various,ضيوف الرحمان يتوافدون على مشعر منى لقضاء يوم التروية
society,صوت المواطن: أجواء و إستعدادات الجديدين لعيد الأضحى المبارك
politics,شوف الصحافة...الناطق الرسمي باسم القصر يتعرض للنصب
sport,الحصاد اليومي :  زيد كروش قريب من الرجاء البيضاوي‎
various,أبراج | أشنو قال زهرك اليوم : 30 غشت 2017 | شوف تيفي
various,أحوال الطقس : 30 غشت 2017
various,الواجهة: القضية ناقصة.. الخروف مقيوم علية بالثمن
society,إقبال كبير على جلبانة  ديال الحوالة فعيد الأضحة و الأثمنة مناسبة
society,أم مسنة تتعرض للعنف من طرف أبنائها بالخارج بسبب الورث..خداو ليها فلوسها و جراو عليها بالجناوة
sport,توقعات لقاء المغرب ومالي
various,محطة القامرة وسفر العيد
various,بالفيديو..لمغاربة طالع ليهم الدم بسبب غلاء تذاكر السفر قبل عيد الأضحى
culture,في أول خروج إعلامي..صاحب الأغنية الشهيرة تسنابي لي يوضح..أنا مكنقلدش أيمن السرحاني
society,كلنا معيدين..مبادرة إنسانية لفائدة الضعفاء في عيد الأضحى..شوفو كيفاش
society,الفيديو..طلبة بجمعية مغربية معروفة فرقو الحوالة على الناس الفقراء فكازا
society,مهن موسمية في عيد الأضحى..إقبال كبير على شحد السكاكين بالطريقة التقليدية في الأسواق المغربية
various,بالفيديو..فضيحة بشركة هيونداي يفجرها مغربي..نصبو عليا فـ2015 فسيارة لقيتها قديمة وهاشنو وقع
various,بالفيديو...ارتباك كبير بالمحطة الطرقية أولاد زيان بالبيضاء  على بعد أيام قليلة من عيد الأضحى
sport,الموجز الرياضي : التجنيس يضرب الملاكمة المغربية وكروش يقترب من التوقيع للرجاء
politics,خبر اليوم: التفاصيل الكاملة حول اللقاء بين وزيرالداخلية لفتيت ووزير الداخلية الإسباني
society,فيديو صادم.. أغرب قصة حب بالمغرب بين شابة وشاب وسيمين تنتهي بطريقة مأساوية
society,مطالب نسائية في العاصمة
various,سوق الحولي بخريبكة
various,مهن العيد الكبير.. مضّي الموس!
society,سخط كبير من الكسابة: ضعنا هاد العام وبهاد الأثمنة غادي نمشيو للحبس!
society,الشنا تحكي لأول مرة كيف اعتدي عليها يوم اتصلت بها صحافية تسالها عن اغتصاب الحافلة
various,كساب مغربي يقدم نصائح لاختيار أضحية العيد
society,نداء جد مؤثر من أب فقير..عندي 5 ديال الوليدات و معنديش باش  نشري ليهم الحولي ديال العيد..للمساعدة
society,الواجهة: وقفة احتجاجية لمجموعة فيسبوكية تضامنا مع الفتاة التي تعرضت لاغتصاب جماعي في الحافلة
culture,صاحب الأغنية الشهيرة '' تسنابلي'' يفضح  برنامج أراب أيدل..شوفو أشنو قال
various,بالفيديو..أطفال متشردون بمحطة ولاد زيان  بالبيضاء يدقون ناقوس الخطر..فينكم ألمسؤولين
society,نسولو الناس..كيفاش كتوفقو بين مصاريف عيد الأضحى و الدخول المدرسي؟شوفو أجوبة المغاربة
society,مُهاجر مغربي يتهم قنصل ألميرية بالرشوة
society,حراس الامن الخاص بمستشفى سطات يفجرون قنبلة من العيار الثقيل
society,احتراق مساكن بالدار البيضاء
politics,بوريطة يستقبل داسوزا
society,عامل الحسيمة يقدم الدواء للمرضى
various,بالفيديو...فندق الخروف مبيت آمن و خمس نجوم..20 درهم لليلة الواحدة
politics,علي لطفي يؤكد أن الأدوية في المغرب لا زالت أسعارها مرتفعة ويتهم وزارة الصحة بتضليل الرأي العام
sport,قراءة تقنية والحلول التكتيكية لهزم مالي
various,فيديو جد مؤثر..باش يشريو اللوازم المدرسية..كيبيعو و يشريو فالعواشر قبل عيد الأضحى..من قلب مراكش
society,الشنا بعد اغتصاب الحافلة.. أعرف اثرياء اغتصبوا معاقات وأفلتوا.. اللهم ان هذا منكر
society,الواجهة: حريق بحمام بسيدي مومن
various,حلاوة الحج
society,بالفيديو:شوفو العْشرة..راجلي باع ليا الدار فوق ظهري و شردني أنا و بنياتي..للمساعدة
society,ابنة عويطة: هذه أول مرة بكت فيها أمي بسببي
society,حالة مغربي للمساعدة..منفوخ ليه القلب بسبب الملح وتخلات عليا الزوجة  وولادي..مع المرض مبقيناش...
sport,حكيمي مشروع ظهير أيمن نادر في صفوف الأسود
various,الى كنتي مسؤول فالبلاد شنو هي اول حاجة تفكر تغيرها ؟
various,المصممة المغربية سليمة البوسوني تعرض آخر تشكيلات القفطان في نيويورك
various,حولي السردي سلخ حولي البركي.. ها كيفاش
politics,لقاء لفتيت وزويدو بالرباط
various,بالعروي .. رواج وبلوكاج
various,أجي تشوف عبد السلام مجنينة شنو قال على نسيبة
society,ولد فشوش جديد يظهر في بني ملال..صدم 3 سيارات ويتباهى بسياقته بلا وراق
society,اقتصاد العيد .. هكدا يحارب مغاربة البطالة بشكل مؤقت
politics,داسوزا: انضمام المغرب إلى المجموعة سيداو زواج لا يتبعه طلاق
politics,بوريطة: الانضمام إلى مجموعة سيداو خيار إستراتيجي نابع عن إرادة قوية للمملكة
society,لفتيت: الشباب المغربي في حاجة للرعاية لحمايته من التطرف
various,ها أشنو كيوقع لمغاربة في عيد الأضحى
society,بشرى لساكنة فاس .. عمدة فاس يقف على وضع شاحنات النظافة الجديدة صديقة البيئة في خدمة المدينة
society,شوفو الناس فين عايشين..أرملة مسنة تبكي بدموع الحسرة و تناشد أصحاب القلوب الرحيمة قبل عيد الأضحى
politics,الحافلات الجديدة لشركة تدبير النفايات بفاس تدخل في إطار تجديد العقدة مع مجلس المدينة
various,دقيقتين لغسل السيّارة
various,عيد الأضحى .. إقبال متزايد على الأسواق لاقتناء أضحية العيد
society,مغربي يناشد المسؤولين للتدخل..ولد عمي منعني من الملك العمومي و خدا البراءة وخاعندي الشهود ( فيديو)
politics,Le360.ma • المغرب ساهم في التحريات الخاصة بالأعمال الإرهابية في برشلونة
politics,وزير الداخلية الإسباني: التعاون بين الرباط ومدريد  مستمر وصادق ومثمر
various,حفل زفاف مليحة العرب فاتي جمالي والممثل عبد السلام بوحسيني
various,نصائح بيطرية
politics,هذا ما قاله لفتيت لوزير الداخلية الإسباني  بعد الأحداث الإرهابية لبرشلونة
various,حسناء جابر.. مغربية تحترف أخطر الرياضات القتالية
various,هام للمغاربة..هاكيفاش تقلبو الحوالة ديال العيد..فيديو من قلب سوق بنسودة بفاس
society,بسبب العيد الكبير والدخول المدرسي: شاطئ عين الدياب خاوي وسالا فيه الصيف
society,مؤثر.. بطل مغربي يبيع الفاخر والبصل بعد فوزه بالذهب الفرنكفوني
various,زوجة عويطة: هذا أكبر إنجاز حققته ابنتنا زينة في أمريكا وإن كانت لا تجيد الدارجة
various,محمد ترك لالأيام24:   سأقضي عيد الأضحى رفقة زوجتي في منطقة لن يتخيلها أحد
various,إقبال على توابل العيد
politics,بمناسبة ذكرى ثورة الملك والشعب “مفتاح السلام” تنظم قافلة تضامنية بآيت حساين اوحدو
society,الوردي وتأخر بناء مستشفى إمزورن
various,Le360.ma • نزار بركة
various,المواشي ضواحي العاصمة
various,الضرب والتحرش وأشياء أخرى...أرقام صادمة عن العنف ضد المغربيات!
politics,بعد لقائه بوزير الداخلية الإسباني.. لفتيت ينوه بالتعاون الأمني بين المغرب وإسبانيا
various,تمارين صيفية تحفيزية
various,حسناء جابر أول مغربية تحترف القتال الحر : أتمنى مقابلة بدر هاري
various,رياضيون خارقون
society,لفتيت : يجب الإهتمام بأبناء الجالية الجيل الثالث خاصة من حيث الجانب الديني
politics,ما قاله لفتيت لوزير داخلية إسبانيا بالرباط بعد الأحداث الإرهابية لبرشلونة
society,عبد الرؤوف وعيد نظيف
various,فوائد الركض على شاطئ البحر
society,شاهد تجمهر ساكنة البرنوصي لحظة نقل جثة الشخص الذي انتحر في قلب منزله
various,اﻷطعمة الممنوع تناولها  فى الحر الشديد
society,هذا ما يقوم به الكسابة لحماية أضاحي العيد من السرقة بـالكراجات
society,مواطنون من امام ابتدائية فاس : نصاب خطير تحت حماية مسؤولين نافدذين يتبجح بمعارفه و يتحدى القانون
society,ساكنة بالرباط تشكي مأساتها للملك
society,ميكرو الأيام 24: مغاربة و أجواء عيد الأضحى
society,جمعية مفتاح السلام تتضامن مع ساكنة أيت حساين احدو بإقليم بولمان
politics,الرباط .. ندوة فكرية من تنظيم جمعية لاتمس بلادي بمناسبة  الذكرى 64 لثورة الملك والشعب
society,شجار عنيف داخل مسجد بفاس
society,Le360.ma • ساكنة مريرت تتضامن مع ضحايا إسبانيا
various,مستشفى جديد بالسراغنة
various,نسخة عن خطير..موت  البهجة بمراكش
society,معاناة إخوة مُعاقين
society,رأي الشارع فى وضعية النادي القصري
society,الواجهة: تعفن جثة شاب معلقة داخل غرفة بالبرنوصي واجماع عام حول فرضية الانتحار
various,أبراج | أشنو قال زهرك اليوم : 29 غشت 2017 | شوف تيفي
various,أحوال الطقس : 29 غشت 2017
society,استياء ساكنة فرخانة
society,حملة للتبرع بالدم
society,شوف الصحافة :  زيادات جديدة في رسوم الحج
society,عندما يبكي الرجال..نداء جد مؤثر من أب جْراو عليه من الخدمة..تعرضت للطرد التعسفي  وجيت من مراكش لكازا
society,مراكشي يناشد القلوب الرحيمة..كنت خدام و منين مرضت حتا واحد مبغا يخدمني و معنديش باش نشري الحولي
politics,الحصاد اليومي :  العثماني يعِد بتشغيل حاملي ''الشواهد'' وهذه التفاصيل
various,بالفيديو..رموك ديال الرملة تقلب فكازا وهاشنو وقع
various,أولى  أمطار الخير الناظور
various,أمطار الخير الناظور
sport,ملخص مباراة الدفاع إتحاد سيدي قاسم 0 - 1 إتحاد طنجة كأس العرش 2016/2017
sport,ملخص مباراة الدفاع الحسني الجديدي 3 - 1 نهضة الزمامرة كأس العرش 2016/2017
society,بالفيديو.. الحْوالة غاليين فمراكش و الغنم موجودة و بالجودة
sport,لقاء صحفي مع حارس المنتخب المغربي منير المحمدي وحديث عن حظوظ المنتخب في التأهل الى كأس العالم 2018
sport,ملخص مباراة الوداد الرياضي 2 - 0 الكوكب المراكشي كأس العرش 2016/2017
society,خبر اليوم:إقبال كبير على اقتناء أضحية العيد ونصائح مهمة للمواطنين بخصوص عيد الأضحى
society,'' آيت يدر'' لم ألعب أي دور للوساطة في حراك الريف وكل مايروج كذب... والأهم بالنسبة لي هو استقرار
various,بالفيديو..من جمعة السحيم..أكبر حولي داير 90 ألف فالسوق
society,بغات العيالات يسمعوا القصة ديالها: أغرب رحلة عذاب عاشتها هذه المرأة..مارست الدعارة...
various,بالفيديو..كولشي غادي يْعَيد هاذ العام..شوفو الأثمنة ديال الحوالة الصغار فالسوق
sport,Contre Attaque - الحلقة الاولى : لائحة أسود الأطلس...
various,واد الشراط.. حتى العنب دايرين ليه مهرجان!
various,الخيل والبرود.. كواليس التبوريدة
culture,سامية أقريو: من حق نجاة تدوي على الخميسات ولكن بشرط!
politics,اعتداءات برشلونة أبرز محاور المحادثات بين لفتيت ووزير الداخلية الإسباني
various,القطار فائق السرعة ينطلق الشهر المقبل في تجاربه الأولى
society,بغات العيالات يسمعوا القصة ديالها: أغرب رحلة عذاب عاشتها هذه المرأة..مارست الدعارة...
society,التحرش والاغتصاب لا يمكن مواجهتهما إلا بهذه الضروريات ولا مشكل بين الإسلام والجنس
society,كلمات جد مؤثرة من الفتاة اللي تابت من الدعارة الله يرحم الوالدين أنا ما بغاش نتزوج عاونوني
sport,ميكرو سبور: ها شنو قالو المغاربة على مباراة المنتخب المغربي والمنتخب المالي+تصريحات مثيرة
various,زوجة عويطة : ابنتنا زينة لا تسيء لوالدها أبدا
society,فيديو مثير.. شوفو شنو دار ماجيساي مغربي لورقة نقدية من فئة 200 درهم
various,نفوق بهائم ضواحي الناظور
society,روبورتاج من سوق الغنم بازغنغان
politics,شاهد كيف تصرف الوزير الوردي أثناء احتجاج ممرضي الحسيمة ضد الوزارة
various,أمطار الخير الناظور 28 غشت 2017
sport,عين على أسود الأطلس قبل مواجهة مالي
sport,الشارع المغربي متفائل بإمكانية فوز الأسود على مالي في إقصائيات مونديال روسيا 2018
society,الوردي.. أنا في الحسيمة مع المنتخبين لأستدرك التأخر
society,مقاولة عقارية تقوم بقطع النخيل بالمحمدية
various,صوت المواطن: وجه آخرلسوق بيع الأضاحي بمدينة الجديدة فوضى و سوء التنظيم
various,لعبة سحرية غاية في الروعة من إبداع مغربي
society,شهادة مؤثرة في حق عائلة الفتاة المختلة عقلياً بالسطات
various,اعتابو تغني لمغاربة كندا
various,تغطية المحطة الطرقية
society,المرأة مع النبي في الحج
society,زوج باطمة :غزل سبب هدوئي وفي القريب العاجل سوف تجتمع مع إخوانها
society,مؤثر و بالفيديو..أرملة من فاس معندهاش باش تعيد و تشري الحولي بعدما قتلو ليها راجلها..للمساعدة
sport,من البرازيل حسناء إبنة بادو الزاكي في أول خروج إعلامي بعد منح المغرب فضية بطولة العالم للكابويرا
various,شاهد أضخم وأغلى حولي بالدار البيضاء بقيمة 8000 درهم
various,هذه أنواع وأثمنة ما تأكله أضحية العيد
society,شهادات مؤثرة وصادمة لجيران الفتاة المختلة عقليا بسطات
society,محطة أولاد زيان/ كازا.. واخا العيد الحركة ميتة
various,بالفيديو...ساحر مغربي خطيييير
society,Le360.ma •بالفيديو. في حي الدواعش الأربعة المغاربة الذين نفذوا اعتداءات برشلونة
culture,أشرف نبيل صاحب عمل الحمداوية المسروق:  محكمة لهاي هي الفيصل ضد الفنانين الاسرائيلين
society,إقليم إفران .. تسليم سيارات إسعاف ومعدات لحاملي مشاريع في طار المبادرة الوطنية للتنمية البشرية
various,اعتابو تغني لمغاربة كندا
society,إخلاء السكان من منازلهم تحسبا لمزيد من الفياضانات جراء الإعصار هارفي
various,العراق.. الجيش يسعى لاستعادة منطقة العياضية من يد داعش
various,تغطية اليو م الختامي للمعرض المحلي للصناعة التقلدية بالمحمدية
society,والد الزفزافي: نقاطع فرحة العيد التي سلبت منا
various,سوق المواشي بتاورطة
various,جودة أكباش تمحضيت
various,مشاهد من الزاوية الكركرية
society,تلوث بيئي بسوق أزغنغان
culture,مهرجان النزاهة بمونتريال
business,النشرة الاقتصادية : الإثنين  28  غشت 2017
politics,وزير الصحة يرد على ممرضين استقبلوه بالاحتجاج.. معندناش التيروار لكنني أبشركم !
society,الوردي للممرضين فاش تتغوتو راه تتعونوني
various,شاهد كيف عاش مغاربة الجحيم في طائرة تركية !
politics,الوردي: وزارة الصحة تفي بوعودها تجاه ساكنة الحسيمة
politics,شاشة تفاعلية.. نشأة بوكو حرام وحصيلة عملياتها الانتحارية
society,تصريح مراقب الحافلات بفاس حول ما تعرض له يوم أمس من لدن بائعا سكاكين العيد بزواغة
politics,وزير الصحة يجمع صحافيين ويطير إلى الحسيمة.. اوفيت بوعدي وحملت 80 طن من الدواء وعشرات التجهيزات
various,الترابي : محنة لمجرد سبب نجاح Let Go
society,شقيق وئام يكشف حقيقة اختفاء أخته
society,كوتش يروي معاناة اسماعيل مع الناس بسبب السرطان
society,كاين الإبداع فكازا.. ساعة للقراءة احتجاجا على التحرش!
politics,كلمة رئيس الحكومة في إجتماع اللجنة الوزارية للتشغيل يوم 28 غشت 2017
culture,محمود الترابي يبرز قدراته في الغناء بالتركية ويتمنى السير على خطى الجريني والدوزي
culture,الواجهة: رقصة اسبانية بطنجة
sport,مدرب الكوكب المراكشي : فريقنا منظم و تنقصنا عدة أشياء سنشتغل عليها لاحقآ
sport,محمد أوناجم يتحدث عن مشاركته الأولى رفقة المنتخب المغربي
various,حديقة الحيوانات بالرباط .. المتعة والإفادة في فضاء واحد
sport,لاعب الوداد الجديدداهو : ملعب محمد الخامس رائع و عموتة مدرب طكتيكي
various,العاصفة المدارية هارفي تخلف سيولا مدمرة في هيوستون الأمريكية
society,متشردة بسبب الإرث
various,صوت المواطن : عيد الأضحى إقبال ضعيف واستياء الكسابة من ثمن الصنك
various,جزارون وعيد الأضحى
various,أحوال الطقس : 28 غشت 2017
society,بالفيديو..قصة مثيرة يرويها خيال مغربي يعشق تربية الحيوانات من شيشاوة..عندو معزة سماها حنان
various,حوار مع فرقة لرصاد
sport,ميكروطروطوار حول وضعية النادي الرياضي القصري
society,بالفيديو..والدة البطل المغربي عبد الكبير جدي اللي كيبيع الفاخر والبصلة بمناسبة عيد الكبير
society,شوفو كيفاش شدو البوليس شفار خطير عامين وهو هربان
sport,النقاش: الوداد مُلزم بتحقيق نتيجة إيجابية في أي مقابلة نظراً للترسانة التي يتوفر عليها
various,ملحن مغربي يتهم فنانين إسرائليين بسرقة أغنية لحنها للحمداوية
sport,يوسف رابح: نتنمى تحقيق لقب كأس العرش و السير على نفس المنوال في باقي المسابقات
sport,أوناجم: فوزنا على الكوكب ذهاباً و إياباً سيعطينا شحنة كبيرة قبل مباراة العصبة الإفريقية
sport,داهو نيكيز: سعيد بأول ظهور بقميص الوداد
sport,العروبي: لا خوف على مرمى الوداد في ظل وجود الثلاثي الخروبي و بنعاشور والعروبي
sport,الأصباحي: أطمح للظهور بنفس مستوى مباراة الكوكب في باقي المباريات هذا الموسم
sport,عموتة يتحدث عن لاعبي الوداد الأجانب الجدد و مستوى لاعبي الفريق ككل خلال أول مشاركة رسمية هذا الموسم
sport,أوناجم فرحان بزاف بدعوة رونار للالتحاق بالمنتخب المغربي
sport,هاشنو قال اللاعب الأصبحي بعد تأهل الوداد على حساب الكوكب  المراكشي
sport,بالفيديو...عموتة كاعي واخا الوداد انتصر وتأهل للدور الثاني في كأس العرش
sport,النقاش...هاعلاش الوداد ناجح
various,بالفيديو...شابين مغربيين يبدعان طريقة رائعة باش يخدموا على رأسهم فالحلال ( برافو)
society,بالفيديو...بطل مغربي يعيش وضعا مأساويا والوزارة ماخلصاتوش على الميدالية الذهبية اللي جاب المغرب
society,مؤثر وبالفيديو...هاكيفاش تقطعات اليد ديال البطل المغربي عبدالكبير جدي
politics,شوف الصحافة : المغرب ضمن إف بي أي أوروبي متخصص في مكافحة الإرهاب
various,بالفيديو: منتوج  جديد خاص بالنساء للعناية بالشعر..وها الفنانات المغربيات اللي دارو هاد البرودوي
various,بالفيديو...فضاءات السعادة في  قلب فضيحة جديدة...شوفو شنو قالوا
various,بالفيديو..كواليس الذكرى الأربعينية للمبدع عبد المجيد وهبي
sport,السيمو و النادي الرياضي القصري
society,جمعية فاس للرياضة تنظم تظاهرة كبرى بمناسبة عودة المغرب لإفريقيا
culture,مهرجان السلام بطنجة
various,مغربي داير الحلقة فكازا بالكارطة وجامع عليه الناس كيقمرو( فيديو)
society,شباب ضد التحرش
politics,سفير أمريكي وحرب العراق
various,قبل عيد الأضحى..شوفو المهاجرين من افريقيا جنوب الصحراء أشنو دايرين فكازا
society,فيضانات ليلية جراء الامطار بفاس
politics,البرلماني المسقي يتكفل ببناء طريق على مسافة 6 كلمترات باقليم آسفي
society,الامطار تغرق بعض ازقة فاس بعد دقائق من الزخات
society,شوفو بطل مغربي جاب ميدالية ذهبية وتايبيع الفاخر والبصلة
society,الشباب والتربية الإعلامية
politics,الدعاية السياسية في الإعلام
various,سوق الحولي بكلميم
various,مسرح وسط الشارع
society,إجلاء الآلاف مع تأجج العنف في شمال غرب ميانمار
various,خبر اليوم: حقيقة الزاوية الكركرية.
politics,فضيحة يفجرها أخ برلماني و رئيس مجلس بلدي..خويا زور لوراق ديال الورث و خدا كولشي
society,حريق داخل شقة بحي بوركون بالبيضاء
politics,ادريس قصوري يحلل خلفيات الاتفاق بين حزب الله وداعش في جرود لبنان
society,تصريح صادم من آمال بعد توبتها من ممارسة الدعارة: العالم كلو قبل توبتي إلا عائلتي مارحماتنيش
society,مسؤول لبناني يرجح وفاة جنود لبنانيين خطفتهم داعش
politics,العراق  الجيش يعلن السيطرة على تل اعفر
sport,الطاوسي : رغم الحصة العريضة المباراة كانت صعبة
various,حلاق المشاهير يغري الجمهور باللوك الجديد ديال دنيا باطمة
various,تحذير للآباء في الناظور: هذه اللعبة خطيرة على أبنائكم
society,جماعة اكزناية بشراكة مع جمعية ملتقى الحكمة تنظم حفل بمناسبة عيد الشباب
various,تربية المواشي بجهة الداخلة
various,النبي ومناسك الحج
various,شاهد الحكم بالسجن في حق البرازيلي روبيرتو كارلوس
various,شاهد تغيير كسوة الكعبة المشرفة
society,درب ميلا/ كازا.. متشردة ولدات فالزنقة
sport,اختراق صفحة ريال مدريد والتعاقد مع ميسي!!
society,Le360.ma •ها علاش المغاربة كيفضلو شاطئ تغازوت بأكادير
society,فوضيل واحتجازه من طرف السلطات الاسرائلية
culture,عندما منع اب فوضيل ابنه من الغناء
culture,علاقة فوضيل بمولاي رشيدفوضيل: هذه قصتي مع الأمير مولاي رشيد
various,الزوجين المُثيرين للجدل : حادثة الطوبيس عادية
politics,هذه هي تفاصيل ترتيبات الحماية الأمنية للملك خلال تنقلاته
various,آراء في الأبناك التشاركية
society,اسماعيل يقاوم مرض السرطان بأمل : إما غادي نبرا إما غادي نموت
society,أبناء العاملين بوكالة المغرب العربي للأنباء يعودون إلى أرض الوطن
society,مؤسسة الفهرية بآسفي تتحول الى فضاء لتنظيم الحفلات والأعراس
society,تفاصيل احتفال مؤسسة اكوان فان مراكش بعيد الشباب بمشاركة زبنائها الاجانب
society,تفاصيل مثيرة عن الزاوية الكركرية...شكون هما...أسرار اتهامهم بالسحر وحقيقة لباسهم وسلامهم الغريب
various,Le360.ma •حصاد وزير التعليم وبنعتيق وزير الجالية في قبضة لابريكاد 36
various,بعد واقعة الاغتصاب في الحافلة..البوليس بالطوبيسات و اعتقالات بالجملة
society,من خيرات البلاد حولي ب 4000 درهم بمنطقة عين الشقف بفاس
society,تسليم الجوائز للفائزين بالسباق الوطني على الطريق بفاس الأحد 27/08/2017
society,نداء جد مؤثر من وجدة لأرملة مقهورة..راجلي مات فكسيدة و كان عندو طاكسي والمسؤولين معطاوناش التعويض
sport,مغاربة متحمسون لمباراة المنتخب الوطني ضد مالي و إقبال كبير على تذاكر المباراة بالرباط
society,خطر المنازل الآيلة للسقوط يهدد ساكنة المدينة القديمة بالبيضاء من جديد مقابل صمت المسؤولين
society,سار لساكنة المنطقة الشرقية قبل عيد الأضحى..''الحوالة'' موجودين و الأثمنة مناسبة
society,قصة اسمماعيل المصاب بمرض سرطان ناذر .. الأمل لمواجهة المرض
culture,سلمى رشيد.. الزواج زوين وكنبغي راجلي وهذا مخططي للانجاب وعمليات التجميل
culture,سلمى رشيد.. أنا ماشي مسمومة وكنتبع فنانات عن حب ومكنسبش
society,مغاربة والتصوير بالبورطابلات في الأعراس
society,ندرة المياه بسيدي الطيبي
various,Le360.ma •  يزور المآتر العتيقة لمدينة سلا Le360
various,كسر الكلة في التبوريدة
society,تزامنا وعيد الأضحى: ارتفاع صاروخي لأسعار التذاكر بالمحطات الطرقية ...والمواطنون كاعيين...
various,أحوال الطقس : 27 غشت 2017
society,بتنسيق مع جمعية مغرب اليوم ، مؤسسة محمد السادس لحماية البيئة  تنظم حملة تحسيسية بشاطىء عين الدئاب
various,هاهو الطاكسي اللي ''اختطف'' فيها الشيفور مهاجرة أفريقية بعد تدخل البوليس...غريب: شوفو شنو لقاو فيها
various,سوق ازغنغان للأكباش
society,الكوميدي فتاح يدخل على خط فضيحة محاولة  اغتصاب فتاة في الطوبيس
society,شاب تحت عجلات قطار
various,عصيد و ابنته في فيديوغنائي جميل
various,سوق الأكباش بتيسة
various,نقد العقل المحض
various,طريف : الحسن الثاني يأمر حصاد باعادة النظر في الحركة الانتقالية
society,ضحية نصب واحتيال
society,مخيم أطفال بالسعيدية
society,لأول مرة.. الزفزافي الأب يكشف عن جوانب خفية من حياة ابنه وظروف اعتقاله
society,Le360.ma •بالفيديو. في حي الدواعش الأربعة المغاربة الذين نفذوا اعتداءات برشلونة
sport,دوري بوعرك
various,فيديو مؤثر..أول خروج إعلامي للفتاة ''المتشردة'' وئام من قلب منزلها رفقة أمها وإخوتها...شوفو شنو قالت
various,أسرار غريبة عن ألوان اللباس المثير للجدل لأفراد الزاوية الكركرية
various,Le360.ma • Best of 2017 آش كاتعود
society,والدة الفتاة ''المتشردة'' وئام تفجر حقائق صادمة وخطيرة: سيدة اختطفت ابنتي لمدة ست سنوات استغلتها
society,حملة النظافة مستمرة بحديقة الفرداوس بسلا المدينة
culture,نايضة مع الداودية في سهرة مهرجان العنب بواد الشراط ...شوفو الشطيح
society,خطير شوفو هاذ الشاب ''المهمش'' آش تايقول ؟
culture,فوضيل: أنا ابن عاملة نظافة وما عنديش الباك..والجنسية المغربية هدية من محمد السادس - الوجه الآخر -
various,إشكاليات التأطير الديني للجاليات المسلمة في أوروبا
society,حريق مهول بالقنيطرة يأتي على معمل للأفرشة ويصل للمنازل
various,وئام الفتاة ''المتشردة '' التي خلقت جدلا واسعا على الفايسبوك تلتقي والدتها بعد فراق طويل
sport,Le360.ma • السلامي: حققت هدفي مع المحليين واحتراف اللاعبين سيف دون حدين
various,طريق منى وعرفات
culture,محمود ترابي: غريب الأطوار قصة حقيقية حققت النجاح وظُلمتُ في The voice
sport,Elbotola.com : سيف الدين حومين ، بطل العالم في رياضة '' الجي جوتسو '' يتحدث للبطولة
various,تهديد بالانتحار في الهرهورة
society,شيخ الزاوية الكركرية يتحدث عن السحر والمريدين الوافدين عليه من العالم لأغراض مختلفة
society,مغرب العجائب..نقل مريض بسريره من مستشفى إلى شباك أوتوماتيكي لسحب النقود
society,سائق ''طاكسي صغير'' يغتصب فتاة بالقوة ...والضحية للعيالات : حضيو راسكم من اصحاب الطاكسيات
politics,الخليفة: الأحزاب الوطنية التي يمكن أن تكون وسط لحل مشكل الريف لاوجود لها
culture,مهرجان أليغريا.. كوكتيل الملحون والفلامينكو
various,في أول خروج إعلامي له: شيخ الزاوية الكركرية...لا علاقة لنا بالسياسة ولا نعرف حتى عدد الأحزاب
society,محمد بنعلال.. لقمة العيش بالنفّاخات منذ 15 عاما!!
society,العيد الكبير.. واش تقدر تستغنى على الحولي؟
various,أول مرة يغني فالشاون.. غاني فرحان بجمهور أليغريا
society,بالفيديو: شوفو أكبر حولي بفاس وها الثمن ديالو
culture,أقوى لحظات مهرجان أوكسي شباب بأسفي في دورته الثانية
society,إطلاق معتقلي حراك العروي
culture,فضيل كما لم تروه من قبل...
various,من قلب المغرب.. شوفو أغرب سلام في العالم
society,شوفو الطقوس المثيرة للجدل بالزاوية الكركرية ( لباس غريب..ذكر  وحضرة صوفية )
various,Le360.ma •ساكنة الرباط بدأت يوم السبت في اقتناء أضحية العيد
society,الوفد الرسمي للحجاج المغاربة يتوجه إلى الديار المقدسة
society,اتهامات خطيرة بوجه مكشوف على لسان مواطنة من ذوي الحقوق بجماعة أولاد الطيب لأشخاص نافذين
culture,محمود الترابي: غادي ندير الريجيم ولكن تا نضرب اللحم ديال العيد
society,السنغال تعتمد في استيراد الأضاحي على السوق الموريتانية
society,افتتاح مستشفى الأمراض العقلية والنفسية بقلعة السراغنة
society,عائلة تعيش قمة البؤس...أم تتمنى اولادها يموتو قبل منها ...شوفو واش هذوا تيعيشوا فالقرن 21
society,رشا.. موهبة مغربية يدعمها زوج باطمة محمد الترك تتحدث عن ابنته حلا
culture,سلمى رشيد.. لهذا أسعدتني كلمة الرجل الطاعن في السن الذي لاحقني بسيارته في كازا
society,Le360.ma •أراء المغاربة في الاقتراض لشراء أضحية العيد
society,شوف تيفي في قلب الزاوية الكركرية...هذا مقرها وهذه طقوسها
society,هجوم على سيدة في منزلها بفاس بسبب فلوس دارت
society,Le360.ma •بريكاد 36 تستنطق جواد  شيفور الطوبيس والوزيرة بسيمة الحقاوي حول ظاهرة الاغتصاب
culture,في ضيافة الفنانة سلمى رشيد.. ترقبوا حوارا شيقا
politics,رئيس المجلس البلدي لبركان يرد بقوة على  الكروج: متوصلتش بأي مبلغ مالي من هشام وأطالب بفتح تحقيق
various,حفل افتتاح وكالة  EURO - PVC بمدينة أسفي
various,شكرا الأركستر السمفوني للدرك الملكي على هذه الأمسية الرائعة بمناسبة عيد الشباب المجيد
various,الاركستر السمفوني للدرك الملكي أكثر من رائع  و الجو رومانسي و ممتع لأقصى الحدود
society,نداء إنساني من خولة : ازددت بدون مخارج محكوم علي بالحفاظات و أحتاج الى عملية جراحية مستعجلة
various,الخليفة
society,با العلوي في جنازة الشيخ زحل
society,الديالمي يتحدث عن هدر الحيوان المنوي المغربي !
society,البوليس يوقف أخطر نصابة (60 عام) بفاس للإشتباه في انتحالها صفات و ألقابا رسمية
society,فتح التحقيق مع شرطي بفاس قتل مواطنا بسيارته دون أن يتوفر على التأمين
society,Le360.ma • يزور الحي الذي كانت تقيم به زينب Le360
various,فاس .. ممنوع بيع “الفاخر” بالشارع العام بالأحياء الشعبية و الراقية على السواء
various,أبراج | أشنو قال زهرك اليوم : 26 غشت 2017 | شوف تيفي
various,أحوال الطقس : 26 غشت 2017
various,وليد الرحماني فنان شعبي شاب قادم بقوة اكتشفوه
various,تصريح طريف...ميكة منعوها غير على الفقراء...وشميشة ماحساش بالمواطن المقهور
society,رغم قرار المنع...كراجات بيع الأكباش قي قلب الأحياء السكنية...وهذا رد المواطنين
society,بالفيديو...هذه أثمان الأكباش على بعد أقل من أسبوع على العيد
society,قبل عيد الأضحى..أم تبكي من حرقة المرض..كاندير الدياليز و معنديس باش نشري الحولي..للمساعدة
politics,الحصاد اليومي: ناصر بوريطة يكشف لشوف تيفي حقيقة الاعتداء الذي تعرض له الوفد المغربي في الموزمبيق‎‎
society,بمناسبة الأيام العشر من شهر ذي الحجة نهضة زناتة  تقوم بدبح ثور لفائدة الارمل والمسنين  بعين حرودة
politics,تدشين مشفى أمراض عقلية
sport,شوف الصحافة: بالفيديو.. كأس إفريقيا 2019 سينظم بالمغرب عوض الكاميرون
various,زكرياء أبو الذهب.. من كازا للشاون بالأوطوسطوب!!
society,لحظة اطلاق سراح بعض معتقلي حراك العروي من سجن الناظور Nador
various,بالفيديو.. البوليس يتدخل لإيقاف السلايتية فالطوبيس
politics,عن تاريخ المغرب السياسي
society,احتجاج بكاريان سنطرال
society,موظفة بدون راتب
society,حصري.. سرقة شاحنة عامرة بالأكباش في قلب كازا
society,لحظة الإفراج عن معتقلي حراك الريف في العروي من سجن الناظور
various,مشاهد من شاطئ سلا
society,بدون عنوان: أحياء موتى
society,آخر ما قالته الأم التي قتل ابنها والدتها خطأ
society,تشييع جثمان عامل الاتصالات بطنجة
society,يوم دراسي بسلا من تنظيم غرفة الصناعة التقليدية لجهة الرباط سلا القنيطرة
society,بناء مستشفى بإمنتانوت
various,سلوكات اجتماعية بسويسرا
politics,نشرة الأخبار ل 24/08/2017
various,فرقة ابن عربي للسماع الصوفي تبدع في تونس
society,قصة مؤثرة لشاب جعل منه السرطان شخصية شهيرة على الفايسبوك
various,مطاردة هيتشكوكية لمشرمل خطير ملقب بالظاليم بالبيضاء والبوليسي جبد الفردي
various,في سوق أضاحي الداخلة
various,إيكو: أسْنانيسرُّ قُوتي
politics,الخليفة: دستور 2011 يجب ضبطه على ضوء ما وقع في الحقل السياسي المغربي
politics,العلوي يتحدث عن حكومة العثماني ووزرائها
society,بث مباشر: الجرائم الجنسية
society,علاش ضرب البوليس ولدي بالقرطاس؟ علاش؟
various,حميد ولد الشاون.. كيصور طرف دالخبز مع الببغاوات!
culture,غاني: من أغنية ليت غو كيبان ليك لمجرد مضرور!
various,نجمة أراب غوت تالنت: اغتصاب زينب فالطوبيس صدمني!
society,اسماعيل: بعد الله عر وجل .. المشاهير الذين ساندوني في مرضي بالسرطان
society,امتعاض من تأخر الأشغال في الطريق الرابطة بين مراكش و ورزازات
society,جوق السمفونية للدرك الملكي يُحيي عيد الشباب بفاس
various,عمرو خالد: عمرة مع النبي
society,كرنفال السلام بفاس بمناسبة ثورة الملك و الشعب
society,كرنفال السلام بفاس بمناسبة ثورة الملك و الشعب
society,كرنفال السلام بفاس بمناسبة ثورة الملك و الشعب
society,كرنفال السلام بفاس بمناسبة ثورة الملك و الشعب
society,كرنفال السلام بفاس بمناسبة ثورة الملك و الشعب
various,Le360.ma • وهبي : على لبام تغيير إستراتيجيته و إلى سيموت
society,Le360.ma • زينب ترسل نداء من أجل العلاج الطبي
politics,أفتاتي:لايمكن للعدالة والتنمية أن يعيد الأمور إلى نصابها إلا بتحالف واسع
various,حب وقفشات وضحك .. ماريا وحبيبها وصديق the 5
society,الشارع المغربي ''كاعي'' على احتلال أرصفة الشارع من طرف المقاهي
politics,هذا ما وقع  لوزير الخارجية المغربي في الموزنبيق؟
various,واش عمرك عرفتي أسعار الخضرة والفواكه في سوق الجملة؟
various,شاهد ما يحصل في الطوبيسات !
culture,دنيا باطمة: هكذا كان أول لقاء بين غزل وجدها
politics,الملك العمومي بالناظور
politics,أفتاتي: الدولة العميقة أرادت محو ذاكرة الخطابي لكن ساكنة الحسيمة رفضوا
sport,أشرف حكيمي : جوهرة ملكية بعرين الأسود
politics,هذا ما قاله أفتاتي عن مستقبل البيجيدي بعد المؤتمر الوطني
various, dinner in the sky  عشاء أنيق في سماء البيضاء
society,رئيس جمعية الانامل الدهبية : نحاول أكثر أن  نحفاظ على الموروث المغربي الأصيل
society,اعتداء موزمبيقي على المغرب
society,جماعة البخاتي باقليم آسفي: نفض غبار سنوات التهميش
society,رشيد الإدريسي : قريوا وليدات هاذ الشعب وتفرقوا من المرأة المغربية
society,حملة أمنية تؤدي الى احراق مخيم لاجئين بسلوان الناظور و ترحيل العشرات Nador(3)
society,حملة أمنية تؤدي الى احراق مخيم لاجئين بسلوان الناظور و ترحيل العشرات Nador(2)
society,حملة أمنية تؤدي الى احراق مخيم لاجئين بسلوان الناظور و ترحيل العشرات Nador(1)
various,الدكتور بنزاكور يتحدث عن علاقة حادثة الطوبيس بالدين
society,قصة جد مؤثرة للشاب  اسماعيل حميش مع مرض جد نادر وكيف واجهه بشجاعة
society,مقبرة الغفران/ كازا.. جنازة تجمع أبو النعيم والحدوشي وابن كيران!
society,فتيات للذكور: عذبتوني وقهرتوني وفطوبيس اغتصبتوني!!
society,اللباس المثير/ الشهوة/ العقلية الذكورية.. علاش كاين التحرش؟
society,مواطن يشتكي رجل أمن بمرتيل (2)
politics,الفقيه العلوي ورئيس الحكومة بنكيران ومريدوه يبكون زحل في جنازته
various,النسر تيتباع فالأسواق المغربية: شوفو كيفاش تيعيش وهاشنو تاياكل  وها علاش ماتيشربش الماء وأسرار أخرى
various,الواجهة: مصور صحافي:  الطوبيس خصو الرسوفور والبوليس
society,سيدة مغربية تتهم برلماني باغتصابها وافتضاض بكارتها... نتج عنهما حمل وولادة !
society,المغربية مريا خريجة اكس فاكتور... مارضيتش قدام راجلي بسبب اغتصاب الحافلة وحمارة سيدي قاسم
various,''الحمالة'' أسرار مهنة شاقة أصحابها يعيشون جحيما يوميا في غياب البديل
various,ألأزبال النّظيفة بأمريكا
culture,باطمة تتحدث عن جديدها.. وتؤكد: مانعطيش قيمة لمن لا قيمة له !
society,القصة المؤثرة لاسماعيل المصاب بمرض سرطان ناذر
society,هجوم أمني على مخيم للأفارقة بسلوان الناظور(2)
society,سائق طاكسي يُهدد عاملة ب ايبير
society,تصريحات صادمة للشارع المغربي بعد منع نشر الغسيل ووضع البارابولات في واجهات المنازل والعمارات
society,هجوم أمني على مخيم للأفارقة بسلوان الناظور جزء 1 Nador
society,القصة الحقيقية لزينب المختلة عقليا التي اغتصب في الحافلة
various, dinner in the sky  تجربة تناول وجبة فوق السحاب تحل بالبيضاء
society,اغتصاب طفلة نواحي تارودانت
society,زينب ضحية محاولة الاغتصاب تحكي التفاصيل الدقيقة لما وقع لها فالطوبيس لحظة محاولة الاغتصاب.
various,مقارنات أمازيغية
politics,بنكيران يرثي زحل.. جمعتني به الدعوة وأرجو له الجنة
various,أبو النعيم: الشيخ زحل كان رجل مواقف ''ما كيحدرش راسو للشمايت
politics,الشاذلي: أدعو إلى إزالة قانون مكافحة الإرهاب ''المشؤوم
society,تدفق كبير للمهاجرين العائدين الى بلدان الإقامة يخنق حركة المرور بمدينة بني نصار
society,حافلات البيضاء.. فوضى وحلول
politics,الخلفي : الحكومة دخلت على خط قضية اغتصاب فتاة  الطوبيس
various,مهن العيد الموسمية
society,عّم ضحية الاغتصاب الحقيقية''زينب '' دخل طول وعرض فالوزيرة الحقاوي
society,لأخذ العبرة: قصة جد مؤثرة للشاب اسماعيل ولد فاس المصاب بمرض سرطان نادر..
various,افتتاح الوكالة الرائدة  EURO - PVC بمدينة أسفي
society,سيدة كتعيش الفقر والحرمان رفقة والدتها تناشد أصحاب القلوب الرحيمة: ''عاونوني معنديش''
society,فيديو مؤلم..حينما يبكي الرجال: تقطعو ليه رجيله في الخدمة والشركة تخلات عليه
society,حالة جد مؤثرة تدمي القلوب لأم مغربية..مريضة و معندهاش باش تشري الحولي ديال العيد..
society,بالفيديو...تصريح مؤثر يكشف طريقة وفاة فارسة شابة في موسم التبوريدة بمولاي عبد الله بالجديدة
society,سكان الزكاكرة يحتجون ضد تأخر أشغال الباڤي بالحي
society,بالفيديو..الكرعاني ينهار في جنازة العلامة الراحل محمد زحل
sport,شوف تيفي في قلب استعدادات منتخب الجيدو لبطولة العالم ( الأبطال ديالنا عوالين يطلعوا البوديوم)
sport,الموجز الرياضي..بعد مباراة الرجاء والدشيرة بالدار البيضاء.. عموتة يتخد تغييرات مهمة أمام الكوكب
society,شوف الصحافة: بالفيديو..اعتقال 3 مسؤولين أمنيين بالدارالبيضاء
various,ماريا نديم وحبيبها في استوديو «فبراير»
society,الحصاد اليومي:250 حاجا مغربيا بدون مـأوى بمكة والغرف ديالهم خداوهم القطريين‎
sport,بطل عالمي في وزن 91 كلغ في رياضة الكيك بوكسينغ يطاله النسيان
various,المنديل الجبلي
society,شهادات جيران زينب المغتصبة
various,كاميرا هوية بريس: تغطية شاملة لجنازة الشيخ محمد زحل
politics,الخلفي والهجوم الذي تعرضت له الوزيرة الحقاوي بسبب حجابها
society,شوفو أشنو وقع لبنكيران فجنازة الشيخ محمد زحل بالدارالبيضاء
society,بعد منعها..''الميكة'' تعود للأسواق المغربية قبل عيد الأضحى و كتباع ''بالعلالي''+تصريحات
sport,أوشويا : مستعدون للسير بعيدا في الكأس والبطولة
various,خبير الشعر أحمد سليمان يدعم رياضة القتال الحر
society,بعد واقعة اغتصاب فتاة بالحافلة: البوليس في الطوبيسات ديال كازا...شوفو الاعتقالات
sport,هذا ماقاله العامري في حق الصحفي وفريقه سطاد
politics,الخلفي وزينب المغتصبة
various,موت مجهول يخطف سلمى
society,احتجاج بعين تاوجطات
politics,البيض في المغرب
society,غضب تجّار السعيدية
society,خاص عن الذكرى 38 لإسترجاع إقليم وادي الذهب
society,شوفو شنو قال الشيخ العلوي في جنازة المرحوم العلامة زحل في قلب المقبرة
society,وكالة أسفار بتمارة تنصب على 45 حاج وحاجة
politics,رئيس المجلس العلمي عين الشق: المنابر افتقدت الشخ زحل وهو أحد أعلام المغرب
society,المحامي حكم: بعد  اغتصاب فتاة داخل الطوبيس..هاشكون كايتحمل المسؤولية فهاذ الظاهرة
society,المحامي حكم..لايهمنا الآن عقوبة المتورطين في قضية محاولة اغتصاب فتاة الطوبيس
various,كوشنر يحمل رسالة السلام إلى الشرق الأوسط وسط تشاؤم كبير
society,اعتداءات عنصرية على مغاربة قاصرين في إسبانيا
society,قصة تهز النفوس وتدمي القلوب...فتاة مغربية جميلة تاجرت أمها في افتضاض بكارتها من أجل المال.
